[{"id":"6285781187685@s.whatsapp.net","name":"Akira","age":"17","time":"03/04 20:10:44","serial":"3b8123e340559b852d68"},{"id":"6289694776750@s.whatsapp.net","name":"aku","age":"19","time":"03/04 20:26:08","serial":"4f0b6505143eb7cf4376"},{"id":"62895365525683@s.whatsapp.net","name":"eko","age":"18","time":"03/04 20:32:08","serial":"9ce0b8b52b1ccadd0717"},{"id":"6283100472755@s.whatsapp.net","name":"kiki ","age":" 19","time":"03/04 20:32:21","serial":"6a24929cff8bb0a75cab"},{"id":"6281257160639@s.whatsapp.net","name":"NUGRAH","age":"14","time":"03/04 20:33:49","serial":"1446663d13dfc3f29302"},{"id":"6282158549899@s.whatsapp.net","name":"Akira","age":"17","time":"03/04 20:43:22","serial":"5123065a79440ed83a42"}]